{
  "mae": 0.03433908961700883,
  "rmse": 0.15479368405643876,
  "r2": 0.055423564035990025,
  "train_rows": 55828,
  "test_rows": 13903,
  "split_date": "2021-07-30",
  "target": "next_day_volatility"
}